sequence,Family,Genus,Species
CACCGCGGTTATACGAGAGGCCCTAGTTGATAACTACCGGCGTAAAGAGTGGTTATGGAAAAATATTTAATAAAGCCGAACACCCCCTCAGCCGTCATACGCACCTGGGGGCACGAAGACCTACTGCGAAAGCAGCTTTAATTACACCTGACCCCACGACAGCTAAGAAA,Salmonidae,Oncorhynchus,Oncorhynchus tshawytscha
CACCGCGGTTATACGAGAGGCCCAAGTTGATGAATTACGGCGTAAAGAGTGGTTAAGCTAAAATTAAAACTAAAGCCGAACACCCCCAAAGCTGTTATACGCATCCGGAGGTGAGAAGTTCAACCACGAAGGTGGCTTTATCTAACCTGAACCCACGAAAGCTACGGCA,Gasterosteidae,Gasterosteus,Gasterosteus aculeatus
CACCGCGGTTATACGAGAGGCCCTAGTTGATAGGCACGGCGTAAAGGGTGGTTAAGGGAGTACACAAATAAAGCCGAAGGACCCTCTGGCCGTTATACGCTTCTGGACGCCCGAAGCCCAAACACGAAAGTAGCTTTAATTTAGCCCACCTGACCCCACGAAAACTGAGAAA,Catostomidae,Deltistes,Deltistes luxatus
CACCGCGGTTATACGAGAGGCCCAAGTTGATGAATTACGGCGTAAAGAGTGGTTAAGCTAAAATTAAAACTAAAGCCGAACACCCCCAAAGCTGTTATACGCATCCGGAGGTGAGAAGTTCAACCACGAAGGTGGCTTTATCTAACCTGAACCCACGAAAGCTAAGGCA,Gasterosteidae,Gasterosteus,Gasterosteus aculeatus
CACCGCGGTTATACGAGCGACCCAAGTTGATAGACAACGGCGTAAAGGGTGGTTAAGATACTAATAAACTAAAGCCGAACGCCCTCAGGACTGTTATACGTTTCTGAAGGTAAGAAGTTCTACTACGAAAGTGGCTTTAATACTACTGACCCCACGAAAGCTGCGGAA,Embiotocidae,Cymatogaster,Cymatogaster aggregata
CACCGCGGTTATACGAGAGACCCAAGTTGATGAATTACGGCGTAAAGAGTGGTTAAGCTAAAATTAAAACTAAAGCCGAACACCCCCAAAGCTGTTATACGCATCCGGAGGTGAGAAGTTCAACCACGAAGGTGGCTTTATCTAACCTGAACCCACGAAAGCTACGGCA,Gasterosteidae,Gasterosteus,Gasterosteus aculeatus
CACCGCGGTTATACGAGTGGCCCAAGTTGAAAGTTACCGGCGTAAAGAGTGGTTAGGGAAACAATAAACTAAAGCCGAACACCCTCTAGGCTGTTATACGCTTCTGAGGGCACGAAGCCCCACTACGAAAGTGGCTTTAATTCACCTGAACCCACGACAGCTAAGGCA,Osmeridae,Hypomesus,Hypomesus pretiosus
CACCGCGGTTATACGAGAGGCCCTAGTTGATAACTACCGGCGTAAAGAGTGGTTATGGAAAAATATTTAATAAAGCCGAACACCCCCTCAGCCGTCATACGCACCTGGGAGCACGAAGACCTACTGCGAAAGCAGCTTTAACTGTACCTGACCCCACGACAGCTAAGAAA,Salmonidae,Oncorhynchus,Oncorhynchus clarkii
CACCACGGTTATACGAGAGGCCCTAGTTGATAGGCACGGCGTAAAGGGTGGTTAAGGGAGTACACAAATAAAGCCGAAGGACCCTCTGGCCGTTATACGCTTCTGGACGCCCGAAGCCCAAACACGAAAGTAGCTTTAATTTAGCCCACCTGACCCCACGAAAACTGAGAAA,Catostomidae,Deltistes,Deltistes luxatus
CACCGCGGTTATACGAGAGACCCAAGTTGATGAATTACGGCGTAAAGAGTGGTTAAGCTAAAATTAAAACTAAAGCCGAACACCCCCAAAGCTGTTATACGCATCCGGAGGTGAGAAGTTCAACCACGAAGGTGGCTTTATCTAACCTGAACCCACGAAAGCTAAGGCA,Gasterosteidae,Gasterosteus,Gasterosteus aculeatus
CACCGCGGTTAGACGAGAGGCCTAAGTTGATAGCCACCGGCGTAAAGAGTGGTTAGGGATAAAATGAAAACTAAAGCCGAATATCCCCACAGCTGTTATACGCACCCGAAGATAAGAAGCCCCTACGAAAGTAGCTTTAATCCACCCGACTCCACGAAAGCTGTGAAA,Belonidae,Cololabis,Cololabis saira
CACCGCGGTTATACGAGAGGCTCAAGTTGATAAACCCCGGCGTAAAGAGTGGTTAAGGAAAAATAGAAACTAAAGCCGAATGCTTTCAAGACTGTTATACGTTCCCGAGAGTAAGAAGACCAATTACGAAAGTGGCTTTACTTTACCTGACCCCACGAAAGCTACGACA,Centrarchidae,Lepomis,Lepomis cyanellus
CACCGCGGTTATACGAGAGGTCCAAGTTGATGAATTACGGCGTAAAGAGTGGTTAAGCTAAAATTAAAACTAAAGCCGAACACCCCCAAAGCTGTTATACGCATCCGGAGGTGAGAAGTTCAACCACGAAGGTGGCTTTATCTAACCTGAACCCACGAAAGCTAAGGCA,Gasterosteidae,Gasterosteus,Gasterosteus aculeatus
CACCGCGGTTATACGAGAGGCCCTAGTTGATGACTACCGGCGTAAAGAGTGGTTATGGAAAGATATTTAATAAAGCCGAACACCCCCTCAGCCGTCATACGCACCTGGGAGCACGAAGACCTACCGCGAAAGCAGCTTTAATTACGCCTGACCCCACGACAGCTAAGAAA,Salmonidae,Oncorhynchus,Oncorhynchus kisutch
CACCGCGGTTATACGAGAGGCCCAAGTTGATGAATTACGGCGTAAAGAGTGGTTAAGCTAAAATTAAAACTAAAGCCGAACACCCCCAAAGCTGTTATACGCATCCGGAGGTGAGAAGTTCAACCACGAAGGTGGCTTTATCTAACCTGAACCCACGAAAGCTAAGGAA,Gasterosteidae,Gasterosteus,Gasterosteus aculeatus
CACCGCGGTTATACGAGTGGCCCAAGTTGAAAGTTACCGGCGTAAAGAGTGGTTAGGGAAACAATAAACTAAAGCCGAACACCCTCTAAGCTGTTATACGCTTCTGAGGGCACGAAGCCCCACTACGAAAGTGGCTTTAATTCACCTGAACCCACGACAGCTAAGGCA,Osmeridae,Hypomesus,Hypomesus pretiosus
CACCGCGGTTATACGGGAGGCCCTAGTTGATAACTACCGGCGTAAAGAGTGGTTATGGAAAAATATTTAATAAAGCCGAACACCCCCTCAGCCGTCATACGCACCTGGGAGCACGAAGACCTACTGCGAAAGCAGCTTTAACTGTACCTGACCCCACGACAGCTAAGAAA,Salmonidae,Oncorhynchus,Oncorhynchus clarkii
CACCGCGGTTATACGAGAGGCCCTAGTTGATAACTACCAGCGTAAAGAGTGGTTATGGAAAAATATTTAATAAAGCCGAACACCCCCTCAGCCGTCATACGCACCTGGGGGCACGAAGACCTACTGCGAAAGCAGCTTTAATTACACCTGACCCCACGACAGCTAAGAAA,Salmonidae,Oncorhynchus,Oncorhynchus tshawytscha
CACCGCGGTTATACGAGAGGCCCTAGTTGATAGGCACGGCGTAAAGGGTGGTTAAGGGAGTACACAAATAAAACCGAAGGACCCTCTGGCCGTTATACGCTTCTGGACGCCCGAAGCCCAAACACGAAAGTAGCTTTAATTTAGCCCACCTGACCCCACGAAAACTGAGAAA,Catostomidae,Deltistes,Deltistes luxatus
CACCGCGGTTATACGAGCGACCCAAGTTGATAGACAACGGCGTAAAGGGTGGTTAAGATACTAATAAACTAAAGCCGAACGCCCTCAGGACTGTTATACGTTTCTGAAGGTAAGTAGTTCTACTACGAAAGTGGCTTTAATACTACTGACCCCACGAAAGCTGCGGAA,Embiotocidae,Cymatogaster,Cymatogaster aggregata
CACCGCGGTTATACGAGAGGCCCTAGTTGATAACTACCGGCGTAAAGAGTGGTTATGGAAAAATATTTAATAAAGCCGAACACCCCCTCAGCCGTCATACGCACCTGGGAGCACGAAGACCTACTGCGAAAGCAGCTTTAATTATGCCTGACCCCACGACAGCTAAGAAA,Salmonidae,Oncorhynchus,Oncorhynchus nerka
